guest_id,guest_ssn,guest_fname,guest_lname,guest_gender,guest_country,guest_phone,guest_email,car_number
1,165-38-9008,Oralla,Kolakovic,Female,Pakistan,439-394-7420,okolakovic0@linkedin.com,1N6AA0EJ4FN096016
2,793-20-1283,Sarge,Hubbuck,Male,China,449-803-5537,shubbuck1@typepad.com,WAUAG78E46A042017
3,280-67-8746,Thatcher,Draycott,Male,Azerbaijan,731-390-5147,tdraycott2@marketwatch.com,3VW4S7ATXEM247430
4,769-72-4838,Susette,Aireton,Female,South Africa,347-427-6070,saireton3@timesonline.co.uk,JH4DC53065S141120
5,549-03-5535,Prentiss,Pickburn,Male,Benin,305-448-5584,ppickburn4@earthlink.net,WVWGU7AN8BE079011
6,486-76-6081,Leeland,Tomczykowski,Male,Afghanistan,869-556-6946,ltomczykowski5@seesaa.net,1HGCR2E51FA880875
7,574-25-1538,Arvin,Yuryaev,Male,Philippines,961-733-5759,ayuryaev6@jigsy.com,5J8TB3H54DL747230
8,104-49-3593,Marj,Worsley,Female,Serbia,701-924-1054,mworsley7@wsj.com,5FPYK1F29BB652378
9,628-59-6206,Perrine,McConnulty,Female,Russia,671-320-1163,pmcconnulty8@eepurl.com,WVWED7AJXAW625272
10,109-55-7832,Horton,Hambridge,Male,China,988-548-9483,hhambridge9@constantcontact.com,5UXFG8C58BL998488
11,897-07-8820,Dulcinea,Robrose,Female,Palestinian Territory,806-743-2617,drobrosea@shutterfly.com,WA1CFBFP7DA129276
12,189-03-3550,Ware,Lethieulier,Male,Indonesia,755-153-4580,wlethieulierb@ehow.com,1G6AF5S39D0849379
13,853-96-9791,Arther,Cornillot,Male,Saudi Arabia,807-541-4929,acornillotc@nationalgeographic.com,2G4WN58C381687591
14,874-08-5551,Lindsey,Bachura,Male,Indonesia,860-582-6103,lbachurad@nsw.gov.au,SALFR2BN3CH331254
15,123-17-0495,Xever,Gerrietz,Male,China,185-294-5545,xgerrietze@jugem.jp,JH4NA21694S721766
16,801-58-7276,Eolanda,Feasey,Female,Indonesia,985-805-0704,efeaseyf@yale.edu,YV140MEB8F1636181
17,554-53-0561,Christian,Ginley,Female,Albania,850-595-5661,cginleyg@archive.org,WBA3C1C51CF276140
18,782-24-9738,Brade,Mumby,Male,Sweden,771-438-1485,bmumbyh@home.pl,1G6EL12YX1B535836
19,509-36-9424,Dory,Scotson,Male,Albania,271-907-0072,dscotsoni@prweb.com,1D4PU4GK6AW816357
20,837-63-3784,Rolland,Hollibone,Male,Sweden,371-788-7457,rhollibonej@mayoclinic.com,KNAFU6A22D5548198
21,380-80-9758,Jacquelin,Peyton,Female,Indonesia,584-835-2990,jpeytonk@mtv.com,WAUDF78E58A328994
22,401-58-3008,Josee,Topley,Female,Mongolia,436-346-1782,jtopleyl@lulu.com,1B3BD1FB4BN863886
23,265-07-6399,Wynn,Mantram,Male,China,927-593-2982,wmantramm@ihg.com,1D7RB1CTXBS751522
24,203-21-9604,Pattin,Doumerc,Male,United States,757-881-6740,pdoumercn@smh.com.au,2T1BPRHE7EC419291
25,656-17-5129,Ethelbert,Echallie,Male,Philippines,354-338-6461,eechallieo@hexun.com,5XYKT3A1XBG235513
26,799-56-0595,Joeann,Bifield,Female,China,827-736-8817,jbifieldp@about.me,WAUCFAFR5BA377571
27,590-97-7006,Markus,Heakins,Male,Armenia,102-906-4509,mheakinsq@thetimes.co.uk,5J6TF1H31CL303379
28,217-59-1674,Jacquelynn,Houlden,Female,France,507-853-8804,jhouldenr@imdb.com,WAUAF98E06A621567
29,143-38-7870,Jourdain,Cato,Male,China,465-664-5706,jcatos@gizmodo.com,SALVP2BG2FH517469
30,578-57-8582,Ariel,Gaukroger,Male,Brazil,134-536-2221,agaukrogert@studiopress.com,5FRYD4H96GB660006
31,823-24-5681,Maribeth,Lawlor,Female,Indonesia,455-222-8986,mlawloru@redcross.org,1GD312CG7BF512655
32,295-49-2412,Sheree,McHan,Female,France,908-957-3513,smchanv@merriam-webster.com,JTHSE5BC4F5435578
33,411-86-7841,Sascha,Meiklejohn,Female,Palestinian Territory,963-640-1382,smeiklejohnw@yale.edu,WBADX7C57DJ196142
34,161-61-1804,Haleigh,Fenby,Male,Tunisia,508-326-8459,hfenbyx@google.co.uk,1YVHZ8BA1A5169861
35,824-69-7188,Lamar,Gallier,Male,Thailand,621-867-6022,lgalliery@accuweather.com,4A31K3DT5CE222459
36,638-74-1439,Ricky,Beardsdale,Female,Argentina,481-671-5497,rbeardsdalez@deviantart.com,4T1BK1EB1FU292855
37,317-33-5108,Lyman,Jephcote,Male,Canada,697-621-7253,ljephcote10@themeforest.net,WBAGL83525D964656
38,342-32-6860,Deva,Felkin,Female,Russia,853-641-7798,dfelkin11@blogs.com,1N6AA0EC6EN229200
39,288-41-0414,Davey,Cordeau],Male,Mexico,317-408-5320,dcordeau12@bravesites.com,5UXFG2C50CL957707
40,109-86-3376,Salome,McCurtain,Female,Nigeria,222-743-7363,smccurtain13@privacy.gov.au,WBSBR93494P038088
41,129-86-8494,Blondy,Koeppke,Female,China,490-730-8080,bkoeppke14@tripod.com,JHMZF1D48ES323828
42,232-26-1533,Wash,Tommasuzzi,Male,Indonesia,416-345-9537,wtommasuzzi15@youtube.com,WA1LYAFE1AD938253
43,202-79-4224,Sydney,Seally,Male,Russia,242-282-2066,sseally16@cocolog-nifty.com,WA1VKBFPXAA259522
44,101-65-8010,Vera,Roggieri,Female,Morocco,373-150-3648,vroggieri17@eventbrite.com,JM3TB2BA4D0383320
45,561-12-9853,Isidoro,Kerss,Male,Slovenia,536-497-4156,ikerss18@hatena.ne.jp,JTDKTUD30DD621975
46,216-59-9547,Norah,Sickamore,Female,Indonesia,320-250-0357,nsickamore19@ftc.gov,WDDHF8JB2DA692672
47,742-92-8445,Mayne,Shearer,Male,China,618-362-4367,mshearer1a@dailymail.co.uk,WUATNAFG7CN802984
48,756-67-3791,Georgianna,Doolan,Female,Indonesia,633-921-4067,gdoolan1b@yellowpages.com,5N1AA0NC0DN888290
49,324-33-1204,Johannes,Frichley,Male,Ireland,762-456-7659,jfrichley1c@t.co,WAUXL58E45A391039
50,106-66-2609,Angelle,Vader,Female,China,240-693-9377,avader1d@amazon.com,3TMJU4GN7AM750690
51,800-19-0445,Sanford,Padkin,Male,Brazil,943-247-3354,spadkin1e@forbes.com,JN8AF5MR9CT657587
52,769-98-1259,Gayle,Sussex,Female,Indonesia,111-942-4236,gsussex1f@smh.com.au,WBAWV1C58AP835102
53,708-09-3113,Judy,Fenlon,Female,China,256-737-3014,jfenlon1g@comsenz.com,1G6DP8EV3A0846742
54,162-47-9071,Werner,Hebditch,Male,Russia,175-163-5700,whebditch1h@cbslocal.com,1N6AF0LY1EN782658
55,278-51-7727,Roderick,Dymond,Male,Russia,804-957-7969,rdymond1i@ezinearticles.com,WBA3B5G57FN747402
56,238-34-1060,Hagan,Halburton,Male,Philippines,778-880-1307,hhalburton1j@admin.ch,1GYUCDEF8AR224900
57,284-03-1959,Brooke,Polon,Female,Nigeria,666-863-8145,bpolon1k@simplemachines.org,3D4PG7FG6BT000942
58,497-93-3244,Benoit,Hawkswell,Male,Denmark,253-569-0334,bhawkswell1l@desdev.cn,1FMEU7DE9AU322454
59,542-04-6003,Jo,Kinvig,Female,France,336-473-5754,jkinvig1m@whitehouse.gov,WVWAP7AN0DE980793
60,516-13-6363,Elliott,Pulbrook,Male,Mongolia,482-752-2051,epulbrook1n@huffingtonpost.com,19UUA9F56DA239687
61,758-08-9163,Constance,Colleton,Female,Philippines,366-859-6591,ccolleton1o@boston.com,JN8AZ2KR5DT801372
62,777-25-3136,Raynor,Liddall,Male,China,647-884-4126,rliddall1p@bizjournals.com,5UXFE43579L547285
63,338-45-5939,Julianne,Yearsley,Female,Spain,397-289-2886,jyearsley1q@google.es,WAUKF78EX5A580713
64,685-09-3923,Laural,Dodshun,Female,Samoa,327-195-8234,ldodshun1r@squidoo.com,WA1YD64B24N652112
65,183-05-8888,Benedetto,Schenkel,Male,Russia,487-368-3200,bschenkel1s@yahoo.com,WBAPH5C50BA033148
66,739-98-2922,Verge,Chattelaine,Male,Indonesia,389-824-4772,vchattelaine1t@hhs.gov,2C3CCAXJ5DH443582
67,299-65-6113,Susanetta,Slamaker,Female,Argentina,417-220-7396,sslamaker1u@sohu.com,3G5DA03E55S641464
68,167-04-3120,Connie,Danelet,Male,Poland,499-315-6546,cdanelet1v@nbcnews.com,WAUCFAFR7CA868130
69,157-25-7276,Tracee,Mackilpatrick,Female,Brazil,496-528-5962,tmackilpatrick1w@google.com.br,JN8AZ2KR2AT162850
70,495-63-2163,Chuck,Saing,Male,Indonesia,883-400-5212,csaing1x@fastcompany.com,SCBLE37G85C596423
71,762-73-2363,Saundra,MacKeig,Male,Malta,901-714-6197,smackeig1y@loc.gov,5UXWX9C51F0612670
72,223-30-3207,Cally,Coleby,Female,Chile,831-657-9749,ccoleby1z@kickstarter.com,3D4PH6FG8BT664893
73,210-20-5439,Alasteir,Costan,Male,Russia,542-611-9542,acostan20@cocolog-nifty.com,1FTEW1C88AK549394
74,696-05-8443,Tanney,Caulwell,Male,Czech Republic,961-420-2383,tcaulwell21@wufoo.com,1G6AB5RX7D0742187
75,371-49-7979,Davita,Lowde,Female,China,547-573-7418,dlowde22@bluehost.com,WAUMFBFL8DN905024
76,783-88-0793,Cecilio,Paviour,Male,China,236-204-5094,cpaviour23@unblog.fr,5N1AR2MM3FC874364
77,340-57-2215,Tab,Hamal,Male,France,583-845-0801,thamal24@sakura.ne.jp,5N1AN0NW0DN865011
78,405-60-8730,Keely,Sancto,Female,Honduras,641-990-4911,ksancto25@posterous.com,1C4AJWAG2DL792222
79,605-79-0626,Orion,Hanes,Male,Lithuania,264-558-0179,ohanes26@soup.io,WVWBB7AJ2DW130786
80,624-66-3120,Madelon,Stollwerk,Female,Somalia,532-454-1643,mstollwerk27@vimeo.com,3N1AB7AP0FY064205
81,668-65-8592,Callie,Wreight,Female,France,477-251-6055,cwreight28@cornell.edu,2B3CK9CV3AH737839
82,299-12-8458,Alicia,Hurler,Female,China,757-581-8143,ahurler29@china.com.cn,WAULFAFR8BA966873
83,333-43-6684,Morganica,Atley,Female,United States,319-617-5977,matley2a@php.net,2T2BK1BA2FC204999
84,867-31-1583,Torey,Dishman,Female,Myanmar,915-256-7201,tdishman2b@yahoo.co.jp,JM3TB2MA6A0612847
85,449-89-4798,Noam,Dockwra,Male,Thailand,158-493-6708,ndockwra2c@technorati.com,2C3CCAGG0EH231338
86,473-15-2537,Eugen,Silvers,Male,Mauritius,659-223-6286,esilvers2d@yale.edu,3VWML7AJ2CM354433
87,277-71-0531,Otes,Tue,Male,Myanmar,762-810-7120,otue2e@arizona.edu,WUADUAFG2F7682432
88,232-09-7595,Tremaine,Bettenson,Male,Philippines,392-991-0318,tbettenson2f@intel.com,JN8AS1MU3AM538790
89,497-10-9213,Thaine,Sukbhans,Male,Indonesia,345-496-8089,tsukbhans2g@businessweek.com,1D4RD3GG7BC930174
90,744-31-3055,Marcel,Seston,Male,Canada,137-953-6658,mseston2h@arizona.edu,3CZRE3H33AG111996
91,124-69-8939,Mose,Gager,Male,Czech Republic,168-659-7475,mgager2i@flavors.me,1GYEK63N62R630785
92,810-70-6589,Addia,Buckthorp,Female,Burkina Faso,840-142-3466,abuckthorp2j@zimbio.com,1G6DL5E37D0707307
93,772-15-7935,Martguerita,Bigby,Female,Russia,132-617-8238,mbigby2k@si.edu,WAUAFAFH2CN896120
94,223-84-5572,Leif,Danton,Male,Russia,866-317-8933,ldanton2l@skype.com,WAULT64B24N872933
95,382-56-6641,Lavinia,Ferrandez,Female,Yemen,842-947-1516,lferrandez2m@mapy.cz,19UUA766X7A614336
96,442-33-9707,Theo,Kerwin,Male,Mongolia,722-996-7647,tkerwin2n@meetup.com,3C3CFFDR8DT672036
97,874-97-6937,Thorpe,Union,Male,Estonia,821-485-5300,tunion2o@about.me,WAUDF78E25A990513
98,712-75-4801,Brnaba,Dudleston,Male,Taiwan,389-228-9984,bdudleston2p@google.it,WAUSF78K09N297550
99,889-65-3133,Arney,Steen,Male,China,169-362-3360,asteen2q@reddit.com,VNKKTUD33FA568412
100,169-93-8266,Vanny,Perschke,Female,Macedonia,595-215-9402,vperschke2r@netvibes.com,1G6AG5RX6D0604576
